{
  "experiment_summary": {
    "total_experiments": 10,
    "successful_experiments": 10,
    "failed_experiments": 0,
    "total_execution_time_seconds": 1013.37,
    "start_timestamp": "2025-10-02T10:25:27.548650",
    "completion_timestamp": "2025-10-02T10:25:27.548650"
  },
  "performance_ranking": [
    {
      "rank": 1,
      "experiment_name": "experiment_direction_1_building_enhanced_v2",
      "model_name": "solar_dir_building_enhanced_v2",
      "accuracy": 77.18,
      "mape": 22.82,
      "mae": 0.0455,
      "rmse": 0.0912,
      "r2_score": 0.9319,
      "direction_accuracy": 56.16,
      "total_predictions": 8640
    },
    {
      "rank": 2,
      "experiment_name": "experiment_direction_4_hybrid_features",
      "model_name": "solar_dir_hybrid",
      "accuracy": 75.24,
      "mape": 24.76,
      "mae": 0.0575,
      "rmse": 0.1193,
      "r2_score": 0.8835,
      "direction_accuracy": 48.84,
      "total_predictions": 8652
    },
    {
      "rank": 3,
      "experiment_name": "experiment_direction_8_lightweight",
      "model_name": "solar_dir_lightweight",
      "accuracy": 74.64,
      "mape": 25.36,
      "mae": 0.043,
      "rmse": 0.0882,
      "r2_score": 0.9362,
      "direction_accuracy": 57.47,
      "total_predictions": 8700
    },
    {
      "rank": 4,
      "experiment_name": "experiment_direction_5_balanced_approach",
      "model_name": "solar_dir_balanced",
      "accuracy": 69.69,
      "mape": 30.31,
      "mae": 0.0494,
      "rmse": 0.096,
      "r2_score": 0.9244,
      "direction_accuracy": 55.94,
      "total_predictions": 8676
    },
    {
      "rank": 5,
      "experiment_name": "experiment_direction_7_deep_learning",
      "model_name": "solar_dir_deep",
      "accuracy": 66.36,
      "mape": 33.64,
      "mae": 0.0693,
      "rmse": 0.1316,
      "r2_score": 0.8584,
      "direction_accuracy": 42.91,
      "total_predictions": 8628
    },
    {
      "rank": 6,
      "experiment_name": "experiment_direction_6_5m_optimized",
      "model_name": "solar_dir_5m_optimized",
      "accuracy": 65.5,
      "mape": 34.5,
      "mae": 0.198,
      "rmse": 0.3547,
      "r2_score": 0.9549,
      "direction_accuracy": 52.02,
      "total_predictions": 1637
    },
    {
      "rank": 7,
      "experiment_name": "experiment_direction_10_precision_tuned",
      "model_name": "solar_dir_precision",
      "accuracy": 60.75,
      "mape": 39.25,
      "mae": 0.0552,
      "rmse": 0.1034,
      "r2_score": 0.9125,
      "direction_accuracy": 50.96,
      "total_predictions": 8658
    },
    {
      "rank": 8,
      "experiment_name": "experiment_direction_3_minimal_optimized",
      "model_name": "solar_dir_minimal_optimized",
      "accuracy": 60.24,
      "mape": 39.76,
      "mae": 0.0583,
      "rmse": 0.1177,
      "r2_score": 0.8865,
      "direction_accuracy": 50.64,
      "total_predictions": 8688
    },
    {
      "rank": 9,
      "experiment_name": "experiment_direction_2_weather_deep_v2",
      "model_name": "solar_dir_weather_deep_v2",
      "accuracy": 49.69,
      "mape": 50.31,
      "mae": 0.0683,
      "rmse": 0.1173,
      "r2_score": 0.8872,
      "direction_accuracy": 47.24,
      "total_predictions": 8664
    },
    {
      "rank": 10,
      "experiment_name": "experiment_direction_9_15m_enhanced",
      "model_name": "solar_dir_15m_enhanced",
      "accuracy": 35.71,
      "mape": 64.29,
      "mae": 0.6071,
      "rmse": 1.1267,
      "r2_score": 0.9495,
      "direction_accuracy": 62.13,
      "total_predictions": 442
    }
  ],
  "detailed_results": [
    {
      "status": "success",
      "modelName": "solar_dir_building_enhanced_v2",
      "training_loss_img": "graphImage/solar_dir_building_enhanced_v2_trainingLoss.png",
      "total_graph_img": "graphImage/solar_dir_building_enhanced_v2_totalgraph.png",
      "diff_graph_img": "graphImage/solar_dir_building_enhanced_v2_diffgraph.png",
      "mape": 22.82,
      "accuracy": 77.18,
      "mae": 0.0455,
      "rmse": 0.0912,
      "r2_score": 0.9319,
      "direction_accuracy": 56.16,
      "prediction_file": "predictions/solar_dir_building_enhanced_v2_predictions.json",
      "prediction_summary": {
        "total_predictions": 8640,
        "prediction_period": {
          "start_date": "2025-07-26T00:00:00",
          "end_date": "2025-07-31T23:59:00"
        },
        "value_statistics": {
          "actual_min": 0.0,
          "actual_max": 1.7632170062638899,
          "actual_mean": 0.27340457212279773,
          "predicted_min": -0.029024439948144798,
          "predicted_max": 1.2918417370171835,
          "predicted_mean": 0.2729906749045472
        }
      },
      "recent_predictions": [
        {
          "date": "2025-07-31T23:50:00",
          "actual": 0.0,
          "predicted": 0.006146292382721352,
          "error": 0.006146292382721352
        },
        {
          "date": "2025-07-31T23:51:00",
          "actual": 0.0,
          "predicted": 0.0061462192087660406,
          "error": 0.0061462192087660406
        },
        {
          "date": "2025-07-31T23:52:00",
          "actual": 0.0,
          "predicted": 0.0061525853428769095,
          "error": 0.0061525853428769095
        },
        {
          "date": "2025-07-31T23:53:00",
          "actual": 0.0,
          "predicted": 0.0061508291679497895,
          "error": 0.0061508291679497895
        },
        {
          "date": "2025-07-31T23:54:00",
          "actual": 0.0,
          "predicted": 0.006149365688843833,
          "error": 0.006149365688843833
        },
        {
          "date": "2025-07-31T23:55:00",
          "actual": 0.0,
          "predicted": 0.006147975383693188,
          "error": 0.006147975383693188
        },
        {
          "date": "2025-07-31T23:56:00",
          "actual": 0.0,
          "predicted": 0.006147389992050806,
          "error": 0.006147389992050806
        },
        {
          "date": "2025-07-31T23:57:00",
          "actual": 0.0,
          "predicted": 0.006146987535296661,
          "error": 0.006146987535296661
        },
        {
          "date": "2025-07-31T23:58:00",
          "actual": 0.0,
          "predicted": 0.00614036529234227,
          "error": 0.00614036529234227
        },
        {
          "date": "2025-07-31T23:59:00",
          "actual": 0.0,
          "predicted": 0.006141975119358795,
          "error": 0.006141975119358795
        }
      ],
      "is_new_model": true,
      "execution_time": 160.63,
      "experiment_name": "experiment_direction_1_building_enhanced_v2"
    },
    {
      "status": "success",
      "modelName": "solar_dir_weather_deep_v2",
      "training_loss_img": "graphImage/solar_dir_weather_deep_v2_trainingLoss.png",
      "total_graph_img": "graphImage/solar_dir_weather_deep_v2_totalgraph.png",
      "diff_graph_img": "graphImage/solar_dir_weather_deep_v2_diffgraph.png",
      "mape": 50.31,
      "accuracy": 49.69,
      "mae": 0.0683,
      "rmse": 0.1173,
      "r2_score": 0.8872,
      "direction_accuracy": 47.24,
      "prediction_file": "predictions/solar_dir_weather_deep_v2_predictions.json",
      "prediction_summary": {
        "total_predictions": 8664,
        "prediction_period": {
          "start_date": "2025-07-25T23:36:00",
          "end_date": "2025-07-31T23:59:00"
        },
        "value_statistics": {
          "actual_min": 0.0,
          "actual_max": 1.7632170062638899,
          "actual_mean": 0.27264721873741604,
          "predicted_min": 0.020647412919349323,
          "predicted_max": 0.9595564644454071,
          "predicted_mean": 0.2818306618172698
        }
      },
      "recent_predictions": [
        {
          "date": "2025-07-31T23:50:00",
          "actual": 0.0,
          "predicted": 0.021554715084569825,
          "error": 0.021554715084569825
        },
        {
          "date": "2025-07-31T23:51:00",
          "actual": 0.0,
          "predicted": 0.02155469679108099,
          "error": 0.02155469679108099
        },
        {
          "date": "2025-07-31T23:52:00",
          "actual": 0.0,
          "predicted": 0.021559306750264712,
          "error": 0.021559306750264712
        },
        {
          "date": "2025-07-31T23:53:00",
          "actual": 0.0,
          "predicted": 0.021556544433452257,
          "error": 0.021556544433452257
        },
        {
          "date": "2025-07-31T23:54:00",
          "actual": 0.0,
          "predicted": 0.02155632491158635,
          "error": 0.02155632491158635
        },
        {
          "date": "2025-07-31T23:55:00",
          "actual": 0.0,
          "predicted": 0.021555757813432802,
          "error": 0.021555757813432802
        },
        {
          "date": "2025-07-31T23:56:00",
          "actual": 0.0,
          "predicted": 0.021555574878544564,
          "error": 0.021555574878544564
        },
        {
          "date": "2025-07-31T23:57:00",
          "actual": 0.0,
          "predicted": 0.021555501704589253,
          "error": 0.021555501704589253
        },
        {
          "date": "2025-07-31T23:58:00",
          "actual": 0.0,
          "predicted": 0.02154928191838898,
          "error": 0.02154928191838898
        },
        {
          "date": "2025-07-31T23:59:00",
          "actual": 0.0,
          "predicted": 0.021549300211877814,
          "error": 0.021549300211877814
        }
      ],
      "is_new_model": true,
      "execution_time": 125.5,
      "experiment_name": "experiment_direction_2_weather_deep_v2"
    },
    {
      "status": "success",
      "modelName": "solar_dir_minimal_optimized",
      "training_loss_img": "graphImage/solar_dir_minimal_optimized_trainingLoss.png",
      "total_graph_img": "graphImage/solar_dir_minimal_optimized_totalgraph.png",
      "diff_graph_img": "graphImage/solar_dir_minimal_optimized_diffgraph.png",
      "mape": 39.76,
      "accuracy": 60.24,
      "mae": 0.0583,
      "rmse": 0.1177,
      "r2_score": 0.8865,
      "direction_accuracy": 50.64,
      "prediction_file": "predictions/solar_dir_minimal_optimized_predictions.json",
      "prediction_summary": {
        "total_predictions": 8688,
        "prediction_period": {
          "start_date": "2025-07-25T23:12:00",
          "end_date": "2025-07-31T23:59:00"
        },
        "value_statistics": {
          "actual_min": 0.0,
          "actual_max": 1.7632170062638899,
          "actual_mean": 0.27189404962488173,
          "predicted_min": -0.0012222883287428266,
          "predicted_max": 1.0198642431828133,
          "predicted_mean": 0.26351521153108576
        }
      },
      "recent_predictions": [
        {
          "date": "2025-07-31T23:50:00",
          "actual": 0.0,
          "predicted": 0.005128003620803595,
          "error": 0.005128003620803595
        },
        {
          "date": "2025-07-31T23:51:00",
          "actual": 0.0,
          "predicted": 0.005127967033825953,
          "error": 0.005127967033825953
        },
        {
          "date": "2025-07-31T23:52:00",
          "actual": 0.0,
          "predicted": 0.0051274182291612125,
          "error": 0.0051274182291612125
        },
        {
          "date": "2025-07-31T23:53:00",
          "actual": 0.0,
          "predicted": 0.0051274182291612125,
          "error": 0.0051274182291612125
        },
        {
          "date": "2025-07-31T23:54:00",
          "actual": 0.0,
          "predicted": 0.0051273450552059285,
          "error": 0.0051273450552059285
        },
        {
          "date": "2025-07-31T23:55:00",
          "actual": 0.0,
          "predicted": 0.0051273816421835705,
          "error": 0.0051273816421835705
        },
        {
          "date": "2025-07-31T23:56:00",
          "actual": 0.0,
          "predicted": 0.0051273816421835705,
          "error": 0.0051273816421835705
        },
        {
          "date": "2025-07-31T23:57:00",
          "actual": 0.0,
          "predicted": 0.0051273816421835705,
          "error": 0.0051273816421835705
        },
        {
          "date": "2025-07-31T23:58:00",
          "actual": 0.0,
          "predicted": 0.0051273816421835705,
          "error": 0.0051273816421835705
        },
        {
          "date": "2025-07-31T23:59:00",
          "actual": 0.0,
          "predicted": 0.0051273816421835705,
          "error": 0.0051273816421835705
        }
      ],
      "is_new_model": true,
      "execution_time": 95.98,
      "experiment_name": "experiment_direction_3_minimal_optimized"
    },
    {
      "status": "success",
      "modelName": "solar_dir_hybrid",
      "training_loss_img": "graphImage/solar_dir_hybrid_trainingLoss.png",
      "total_graph_img": "graphImage/solar_dir_hybrid_totalgraph.png",
      "diff_graph_img": "graphImage/solar_dir_hybrid_diffgraph.png",
      "mape": 24.76,
      "accuracy": 75.24,
      "mae": 0.0575,
      "rmse": 0.1193,
      "r2_score": 0.8835,
      "direction_accuracy": 48.84,
      "prediction_file": "predictions/solar_dir_hybrid_predictions.json",
      "prediction_summary": {
        "total_predictions": 8652,
        "prediction_period": {
          "start_date": "2025-07-25T23:48:00",
          "end_date": "2025-07-31T23:59:00"
        },
        "value_statistics": {
          "actual_min": 0.0,
          "actual_max": 1.7632170062638899,
          "actual_mean": 0.27302537021971474,
          "predicted_min": -0.0016297574988160535,
          "predicted_max": 1.045128795206459,
          "predicted_mean": 0.2512390933160456
        }
      },
      "recent_predictions": [
        {
          "date": "2025-07-31T23:50:00",
          "actual": 0.0,
          "predicted": 0.0025367309288366613,
          "error": 0.0025367309288366613
        },
        {
          "date": "2025-07-31T23:51:00",
          "actual": 0.0,
          "predicted": 0.0025362918851048744,
          "error": 0.0025362918851048744
        },
        {
          "date": "2025-07-31T23:52:00",
          "actual": 0.0,
          "predicted": 0.0025259743574079507,
          "error": 0.0025259743574079507
        },
        {
          "date": "2025-07-31T23:53:00",
          "actual": 0.0,
          "predicted": 0.0025324868394294153,
          "error": 0.0025324868394294153
        },
        {
          "date": "2025-07-31T23:54:00",
          "actual": 0.0,
          "predicted": 0.002534755232043634,
          "error": 0.002534755232043634
        },
        {
          "date": "2025-07-31T23:55:00",
          "actual": 0.0,
          "predicted": 0.002536365059060186,
          "error": 0.002536365059060186
        },
        {
          "date": "2025-07-31T23:56:00",
          "actual": 0.0,
          "predicted": 0.002535962602306041,
          "error": 0.002535962602306041
        },
        {
          "date": "2025-07-31T23:57:00",
          "actual": 0.0,
          "predicted": 0.0025353772106636585,
          "error": 0.0025353772106636585
        },
        {
          "date": "2025-07-31T23:58:00",
          "actual": 0.0,
          "predicted": 0.0025455849774276285,
          "error": 0.0025455849774276285
        },
        {
          "date": "2025-07-31T23:59:00",
          "actual": 0.0,
          "predicted": 0.0025395847130932625,
          "error": 0.0025395847130932625
        }
      ],
      "is_new_model": true,
      "execution_time": 120.92,
      "experiment_name": "experiment_direction_4_hybrid_features"
    },
    {
      "status": "success",
      "modelName": "solar_dir_balanced",
      "training_loss_img": "graphImage/solar_dir_balanced_trainingLoss.png",
      "total_graph_img": "graphImage/solar_dir_balanced_totalgraph.png",
      "diff_graph_img": "graphImage/solar_dir_balanced_diffgraph.png",
      "mape": 30.31,
      "accuracy": 69.69,
      "mae": 0.0494,
      "rmse": 0.096,
      "r2_score": 0.9244,
      "direction_accuracy": 55.94,
      "prediction_file": "predictions/solar_dir_balanced_predictions.json",
      "prediction_summary": {
        "total_predictions": 8676,
        "prediction_period": {
          "start_date": "2025-07-25T23:24:00",
          "end_date": "2025-07-31T23:59:00"
        },
        "value_statistics": {
          "actual_min": 0.0,
          "actual_max": 1.7632170062638899,
          "actual_mean": 0.27227011331730894,
          "predicted_min": -0.025892521487463488,
          "predicted_max": 1.2190981177509503,
          "predicted_mean": 0.2485830940455658
        }
      },
      "recent_predictions": [
        {
          "date": "2025-07-31T23:50:00",
          "actual": 0.0,
          "predicted": -0.00858892993039162,
          "error": 0.00858892993039162
        },
        {
          "date": "2025-07-31T23:51:00",
          "actual": 0.0,
          "predicted": -0.008588198190838642,
          "error": 0.008588198190838642
        },
        {
          "date": "2025-07-31T23:52:00",
          "actual": 0.0,
          "predicted": -0.008577075749633456,
          "error": 0.008577075749633456
        },
        {
          "date": "2025-07-31T23:53:00",
          "actual": 0.0,
          "predicted": -0.008591637366737626,
          "error": 0.008591637366737626
        },
        {
          "date": "2025-07-31T23:54:00",
          "actual": 0.0,
          "predicted": -0.008585344406582068,
          "error": 0.008585344406582068
        },
        {
          "date": "2025-07-31T23:55:00",
          "actual": 0.0,
          "predicted": -0.008586002972179735,
          "error": 0.008586002972179735
        },
        {
          "date": "2025-07-31T23:56:00",
          "actual": 0.0,
          "predicted": -0.008583112600945492,
          "error": 0.008583112600945492
        },
        {
          "date": "2025-07-31T23:57:00",
          "actual": 0.0,
          "predicted": -0.008581758882772489,
          "error": 0.008581758882772489
        },
        {
          "date": "2025-07-31T23:58:00",
          "actual": 0.0,
          "predicted": -0.00859229593233532,
          "error": 0.00859229593233532
        },
        {
          "date": "2025-07-31T23:59:00",
          "actual": 0.0,
          "predicted": -0.00857817335896291,
          "error": 0.00857817335896291
        }
      ],
      "is_new_model": true,
      "execution_time": 95.67,
      "experiment_name": "experiment_direction_5_balanced_approach"
    },
    {
      "status": "success",
      "modelName": "solar_dir_5m_optimized",
      "training_loss_img": "graphImage/solar_dir_5m_optimized_trainingLoss.png",
      "total_graph_img": "graphImage/solar_dir_5m_optimized_totalgraph.png",
      "diff_graph_img": "graphImage/solar_dir_5m_optimized_diffgraph.png",
      "mape": 34.5,
      "accuracy": 65.5,
      "mae": 0.198,
      "rmse": 0.3547,
      "r2_score": 0.9549,
      "direction_accuracy": 52.02,
      "prediction_file": "predictions/solar_dir_5m_optimized_predictions.json",
      "prediction_summary": {
        "total_predictions": 1637,
        "prediction_period": {
          "start_date": "2025-07-26T07:35:00",
          "end_date": "2025-07-31T23:55:00"
        },
        "value_statistics": {
          "actual_min": 0.0,
          "actual_max": 5.33462951604167,
          "actual_mean": 1.4366673260865999,
          "predicted_min": -0.13249860031194594,
          "predicted_max": 4.283902033352339,
          "predicted_mean": 1.3652128562621217
        }
      },
      "recent_predictions": [
        {
          "date": "2025-07-31T23:10:00",
          "actual": 0.0,
          "predicted": 0.0427606502832214,
          "error": 0.0427606502832214
        },
        {
          "date": "2025-07-31T23:15:00",
          "actual": 0.0,
          "predicted": 0.04337172590138083,
          "error": 0.04337172590138083
        },
        {
          "date": "2025-07-31T23:20:00",
          "actual": 0.0,
          "predicted": 0.04415489608401346,
          "error": 0.04415489608401346
        },
        {
          "date": "2025-07-31T23:25:00",
          "actual": 0.0,
          "predicted": 0.04433722188021583,
          "error": 0.04433722188021583
        },
        {
          "date": "2025-07-31T23:30:00",
          "actual": 0.0,
          "predicted": 0.04483671586002802,
          "error": 0.04483671586002802
        },
        {
          "date": "2025-07-31T23:35:00",
          "actual": 0.0,
          "predicted": 0.04539864658731663,
          "error": 0.04539864658731663
        },
        {
          "date": "2025-07-31T23:40:00",
          "actual": 0.0,
          "predicted": 0.0454368606750577,
          "error": 0.0454368606750577
        },
        {
          "date": "2025-07-31T23:45:00",
          "actual": 0.0,
          "predicted": 0.04571196712822467,
          "error": 0.04571196712822467
        },
        {
          "date": "2025-07-31T23:50:00",
          "actual": 0.0,
          "predicted": 0.04644992750911303,
          "error": 0.04644992750911303
        },
        {
          "date": "2025-07-31T23:55:00",
          "actual": 0.0,
          "predicted": 0.04679035644178242,
          "error": 0.04679035644178242
        }
      ],
      "is_new_model": true,
      "execution_time": 19.18,
      "experiment_name": "experiment_direction_6_5m_optimized"
    },
    {
      "status": "success",
      "modelName": "solar_dir_deep",
      "training_loss_img": "graphImage/solar_dir_deep_trainingLoss.png",
      "total_graph_img": "graphImage/solar_dir_deep_totalgraph.png",
      "diff_graph_img": "graphImage/solar_dir_deep_diffgraph.png",
      "mape": 33.64,
      "accuracy": 66.36,
      "mae": 0.0693,
      "rmse": 0.1316,
      "r2_score": 0.8584,
      "direction_accuracy": 42.91,
      "prediction_file": "predictions/solar_dir_deep_predictions.json",
      "prediction_summary": {
        "total_predictions": 8628,
        "prediction_period": {
          "start_date": "2025-07-26T00:12:00",
          "end_date": "2025-07-31T23:59:00"
        },
        "value_statistics": {
          "actual_min": 0.0,
          "actual_max": 1.7632170062638899,
          "actual_mean": 0.2737848288295054,
          "predicted_min": -0.007087802824444406,
          "predicted_max": 0.8719353361099852,
          "predicted_mean": 0.27058943364948645
        }
      },
      "recent_predictions": [
        {
          "date": "2025-07-31T23:50:00",
          "actual": 0.0,
          "predicted": -0.00672639665923086,
          "error": 0.00672639665923086
        },
        {
          "date": "2025-07-31T23:51:00",
          "actual": 0.0,
          "predicted": -0.006726725942029693,
          "error": 0.006726725942029693
        },
        {
          "date": "2025-07-31T23:52:00",
          "actual": 0.0,
          "predicted": -0.006728591877889795,
          "error": 0.006728591877889795
        },
        {
          "date": "2025-07-31T23:53:00",
          "actual": 0.0,
          "predicted": -0.00672818942113565,
          "error": 0.00672818942113565
        },
        {
          "date": "2025-07-31T23:54:00",
          "actual": 0.0,
          "predicted": -0.006728921160688628,
          "error": 0.006728921160688628
        },
        {
          "date": "2025-07-31T23:55:00",
          "actual": 0.0,
          "predicted": -0.0067291406825545075,
          "error": 0.0067291406825545075
        },
        {
          "date": "2025-07-31T23:56:00",
          "actual": 0.0,
          "predicted": -0.006729469965353341,
          "error": 0.006729469965353341
        },
        {
          "date": "2025-07-31T23:57:00",
          "actual": 0.0,
          "predicted": -0.006729689487219248,
          "error": 0.006729689487219248
        },
        {
          "date": "2025-07-31T23:58:00",
          "actual": 0.0,
          "predicted": -0.006728408943001529,
          "error": 0.006728408943001529
        },
        {
          "date": "2025-07-31T23:59:00",
          "actual": 0.0,
          "predicted": -0.006729323617442745,
          "error": 0.006729323617442745
        }
      ],
      "is_new_model": true,
      "execution_time": 172.22,
      "experiment_name": "experiment_direction_7_deep_learning"
    },
    {
      "status": "success",
      "modelName": "solar_dir_lightweight",
      "training_loss_img": "graphImage/solar_dir_lightweight_trainingLoss.png",
      "total_graph_img": "graphImage/solar_dir_lightweight_totalgraph.png",
      "diff_graph_img": "graphImage/solar_dir_lightweight_diffgraph.png",
      "mape": 25.36,
      "accuracy": 74.64,
      "mae": 0.043,
      "rmse": 0.0882,
      "r2_score": 0.9362,
      "direction_accuracy": 57.47,
      "prediction_file": "predictions/solar_dir_lightweight_predictions.json",
      "prediction_summary": {
        "total_predictions": 8700,
        "prediction_period": {
          "start_date": "2025-07-25T23:00:00",
          "end_date": "2025-07-31T23:59:00"
        },
        "value_statistics": {
          "actual_min": 0.0,
          "actual_max": 1.7632170062638899,
          "actual_mean": 0.2715190233495371,
          "predicted_min": -0.01982952877990321,
          "predicted_max": 1.2902218119948112,
          "predicted_mean": 0.2528492834877857
        }
      },
      "recent_predictions": [
        {
          "date": "2025-07-31T23:50:00",
          "actual": 0.0,
          "predicted": -0.01044010294499248,
          "error": 0.01044010294499248
        },
        {
          "date": "2025-07-31T23:51:00",
          "actual": 0.0,
          "predicted": -0.010436096670939948,
          "error": 0.010436096670939948
        },
        {
          "date": "2025-07-31T23:52:00",
          "actual": 0.0,
          "predicted": -0.010437871139355903,
          "error": 0.010437871139355903
        },
        {
          "date": "2025-07-31T23:53:00",
          "actual": 0.0,
          "predicted": -0.010438877281241238,
          "error": 0.010438877281241238
        },
        {
          "date": "2025-07-31T23:54:00",
          "actual": 0.0,
          "predicted": -0.010438108954710618,
          "error": 0.010438108954710618
        },
        {
          "date": "2025-07-31T23:55:00",
          "actual": 0.0,
          "predicted": -0.010447347166566923,
          "error": 0.010447347166566923
        },
        {
          "date": "2025-07-31T23:56:00",
          "actual": 0.0,
          "predicted": -0.010457554933330893,
          "error": 0.010457554933330893
        },
        {
          "date": "2025-07-31T23:57:00",
          "actual": 0.0,
          "predicted": -0.010457481759375609,
          "error": 0.010457481759375609
        },
        {
          "date": "2025-07-31T23:58:00",
          "actual": 0.0,
          "predicted": -0.010458945238481537,
          "error": 0.010458945238481537
        },
        {
          "date": "2025-07-31T23:59:00",
          "actual": 0.0,
          "predicted": -0.010457170770065582,
          "error": 0.010457170770065582
        }
      ],
      "is_new_model": true,
      "execution_time": 77.75,
      "experiment_name": "experiment_direction_8_lightweight"
    },
    {
      "status": "success",
      "modelName": "solar_dir_15m_enhanced",
      "training_loss_img": "graphImage/solar_dir_15m_enhanced_trainingLoss.png",
      "total_graph_img": "graphImage/solar_dir_15m_enhanced_totalgraph.png",
      "diff_graph_img": "graphImage/solar_dir_15m_enhanced_diffgraph.png",
      "mape": 64.29,
      "accuracy": 35.71,
      "mae": 0.6071,
      "rmse": 1.1267,
      "r2_score": 0.9495,
      "direction_accuracy": 62.13,
      "prediction_file": "predictions/solar_dir_15m_enhanced_predictions.json",
      "prediction_summary": {
        "total_predictions": 442,
        "prediction_period": {
          "start_date": "2025-07-27T09:30:00",
          "end_date": "2025-07-31T23:45:00"
        },
        "value_statistics": {
          "actual_min": 0.0,
          "actual_max": 14.4792049493889,
          "actual_mean": 4.303635154002452,
          "predicted_min": -0.15616899429862485,
          "predicted_max": 13.814158081942514,
          "predicted_mean": 4.445683706512373
        }
      },
      "recent_predictions": [
        {
          "date": "2025-07-31T21:30:00",
          "actual": 0.0,
          "predicted": 0.021296550123732327,
          "error": 0.021296550123732327
        },
        {
          "date": "2025-07-31T21:45:00",
          "actual": 0.0,
          "predicted": 0.009540408036824655,
          "error": 0.009540408036824655
        },
        {
          "date": "2025-07-31T22:00:00",
          "actual": 0.0,
          "predicted": 0.01050685465744916,
          "error": 0.01050685465744916
        },
        {
          "date": "2025-07-31T22:15:00",
          "actual": 0.0,
          "predicted": 0.018238687071201465,
          "error": 0.018238687071201465
        },
        {
          "date": "2025-07-31T22:30:00",
          "actual": 0.0,
          "predicted": 0.028273905551504885,
          "error": 0.028273905551504885
        },
        {
          "date": "2025-07-31T22:45:00",
          "actual": 0.0,
          "predicted": 0.037149906984573544,
          "error": 0.037149906984573544
        },
        {
          "date": "2025-07-31T23:00:00",
          "actual": 0.0,
          "predicted": 0.04382656130273377,
          "error": 0.04382656130273377
        },
        {
          "date": "2025-07-31T23:15:00",
          "actual": 0.0,
          "predicted": 0.048447603117482974,
          "error": 0.048447603117482974
        },
        {
          "date": "2025-07-31T23:30:00",
          "actual": 0.0,
          "predicted": 0.0524496001975181,
          "error": 0.0524496001975181
        },
        {
          "date": "2025-07-31T23:45:00",
          "actual": 0.0,
          "predicted": 0.056253637875798734,
          "error": 0.056253637875798734
        }
      ],
      "is_new_model": true,
      "execution_time": 8.34,
      "experiment_name": "experiment_direction_9_15m_enhanced"
    },
    {
      "status": "success",
      "modelName": "solar_dir_precision",
      "training_loss_img": "graphImage/solar_dir_precision_trainingLoss.png",
      "total_graph_img": "graphImage/solar_dir_precision_totalgraph.png",
      "diff_graph_img": "graphImage/solar_dir_precision_diffgraph.png",
      "mape": 39.25,
      "accuracy": 60.75,
      "mae": 0.0552,
      "rmse": 0.1034,
      "r2_score": 0.9125,
      "direction_accuracy": 50.96,
      "prediction_file": "predictions/solar_dir_precision_predictions.json",
      "prediction_summary": {
        "total_predictions": 8658,
        "prediction_period": {
          "start_date": "2025-07-25T23:42:00",
          "end_date": "2025-07-31T23:59:00"
        },
        "value_statistics": {
          "actual_min": 0.0,
          "actual_max": 1.7632170062638899,
          "actual_mean": 0.2728361634489458,
          "predicted_min": 5.913397642412499e-05,
          "predicted_max": 1.2199671316440615,
          "predicted_mean": 0.28643194563114494
        }
      },
      "recent_predictions": [
        {
          "date": "2025-07-31T23:50:00",
          "actual": 0.0,
          "predicted": 0.0019963046819881924,
          "error": 0.0019963046819881924
        },
        {
          "date": "2025-07-31T23:51:00",
          "actual": 0.0,
          "predicted": 0.0019962315080328807,
          "error": 0.0019962315080328807
        },
        {
          "date": "2025-07-31T23:52:00",
          "actual": 0.0,
          "predicted": 0.0019949875507928316,
          "error": 0.0019949875507928316
        },
        {
          "date": "2025-07-31T23:53:00",
          "actual": 0.0,
          "predicted": 0.0019920971795585884,
          "error": 0.0019920971795585884
        },
        {
          "date": "2025-07-31T23:54:00",
          "actual": 0.0,
          "predicted": 0.001992316701424468,
          "error": 0.001992316701424468
        },
        {
          "date": "2025-07-31T23:55:00",
          "actual": 0.0,
          "predicted": 0.0019924996363127057,
          "error": 0.0019924996363127057
        },
        {
          "date": "2025-07-31T23:56:00",
          "actual": 0.0,
          "predicted": 0.0019930850279550882,
          "error": 0.0019930850279550882
        },
        {
          "date": "2025-07-31T23:57:00",
          "actual": 0.0,
          "predicted": 0.0019984633136694574,
          "error": 0.0019984633136694574
        },
        {
          "date": "2025-07-31T23:58:00",
          "actual": 0.0,
          "predicted": 0.0019976584001611675,
          "error": 0.0019976584001611675
        },
        {
          "date": "2025-07-31T23:59:00",
          "actual": 0.0,
          "predicted": 0.0019959022252340475,
          "error": 0.0019959022252340475
        }
      ],
      "is_new_model": true,
      "execution_time": 127.28,
      "experiment_name": "experiment_direction_10_precision_tuned"
    }
  ],
  "prediction_files": [
    {
      "experiment_name": "experiment_direction_1_building_enhanced_v2",
      "model_name": "solar_dir_building_enhanced_v2",
      "prediction_file_path": "predictions/solar_dir_building_enhanced_v2_predictions.json",
      "prediction_count": 8640,
      "recent_predictions": [
        {
          "date": "2025-07-31T23:50:00",
          "actual": 0.0,
          "predicted": 0.006146292382721352,
          "error": 0.006146292382721352
        },
        {
          "date": "2025-07-31T23:51:00",
          "actual": 0.0,
          "predicted": 0.0061462192087660406,
          "error": 0.0061462192087660406
        },
        {
          "date": "2025-07-31T23:52:00",
          "actual": 0.0,
          "predicted": 0.0061525853428769095,
          "error": 0.0061525853428769095
        },
        {
          "date": "2025-07-31T23:53:00",
          "actual": 0.0,
          "predicted": 0.0061508291679497895,
          "error": 0.0061508291679497895
        },
        {
          "date": "2025-07-31T23:54:00",
          "actual": 0.0,
          "predicted": 0.006149365688843833,
          "error": 0.006149365688843833
        },
        {
          "date": "2025-07-31T23:55:00",
          "actual": 0.0,
          "predicted": 0.006147975383693188,
          "error": 0.006147975383693188
        },
        {
          "date": "2025-07-31T23:56:00",
          "actual": 0.0,
          "predicted": 0.006147389992050806,
          "error": 0.006147389992050806
        },
        {
          "date": "2025-07-31T23:57:00",
          "actual": 0.0,
          "predicted": 0.006146987535296661,
          "error": 0.006146987535296661
        },
        {
          "date": "2025-07-31T23:58:00",
          "actual": 0.0,
          "predicted": 0.00614036529234227,
          "error": 0.00614036529234227
        },
        {
          "date": "2025-07-31T23:59:00",
          "actual": 0.0,
          "predicted": 0.006141975119358795,
          "error": 0.006141975119358795
        }
      ]
    },
    {
      "experiment_name": "experiment_direction_4_hybrid_features",
      "model_name": "solar_dir_hybrid",
      "prediction_file_path": "predictions/solar_dir_hybrid_predictions.json",
      "prediction_count": 8652,
      "recent_predictions": [
        {
          "date": "2025-07-31T23:50:00",
          "actual": 0.0,
          "predicted": 0.0025367309288366613,
          "error": 0.0025367309288366613
        },
        {
          "date": "2025-07-31T23:51:00",
          "actual": 0.0,
          "predicted": 0.0025362918851048744,
          "error": 0.0025362918851048744
        },
        {
          "date": "2025-07-31T23:52:00",
          "actual": 0.0,
          "predicted": 0.0025259743574079507,
          "error": 0.0025259743574079507
        },
        {
          "date": "2025-07-31T23:53:00",
          "actual": 0.0,
          "predicted": 0.0025324868394294153,
          "error": 0.0025324868394294153
        },
        {
          "date": "2025-07-31T23:54:00",
          "actual": 0.0,
          "predicted": 0.002534755232043634,
          "error": 0.002534755232043634
        },
        {
          "date": "2025-07-31T23:55:00",
          "actual": 0.0,
          "predicted": 0.002536365059060186,
          "error": 0.002536365059060186
        },
        {
          "date": "2025-07-31T23:56:00",
          "actual": 0.0,
          "predicted": 0.002535962602306041,
          "error": 0.002535962602306041
        },
        {
          "date": "2025-07-31T23:57:00",
          "actual": 0.0,
          "predicted": 0.0025353772106636585,
          "error": 0.0025353772106636585
        },
        {
          "date": "2025-07-31T23:58:00",
          "actual": 0.0,
          "predicted": 0.0025455849774276285,
          "error": 0.0025455849774276285
        },
        {
          "date": "2025-07-31T23:59:00",
          "actual": 0.0,
          "predicted": 0.0025395847130932625,
          "error": 0.0025395847130932625
        }
      ]
    },
    {
      "experiment_name": "experiment_direction_8_lightweight",
      "model_name": "solar_dir_lightweight",
      "prediction_file_path": "predictions/solar_dir_lightweight_predictions.json",
      "prediction_count": 8700,
      "recent_predictions": [
        {
          "date": "2025-07-31T23:50:00",
          "actual": 0.0,
          "predicted": -0.01044010294499248,
          "error": 0.01044010294499248
        },
        {
          "date": "2025-07-31T23:51:00",
          "actual": 0.0,
          "predicted": -0.010436096670939948,
          "error": 0.010436096670939948
        },
        {
          "date": "2025-07-31T23:52:00",
          "actual": 0.0,
          "predicted": -0.010437871139355903,
          "error": 0.010437871139355903
        },
        {
          "date": "2025-07-31T23:53:00",
          "actual": 0.0,
          "predicted": -0.010438877281241238,
          "error": 0.010438877281241238
        },
        {
          "date": "2025-07-31T23:54:00",
          "actual": 0.0,
          "predicted": -0.010438108954710618,
          "error": 0.010438108954710618
        },
        {
          "date": "2025-07-31T23:55:00",
          "actual": 0.0,
          "predicted": -0.010447347166566923,
          "error": 0.010447347166566923
        },
        {
          "date": "2025-07-31T23:56:00",
          "actual": 0.0,
          "predicted": -0.010457554933330893,
          "error": 0.010457554933330893
        },
        {
          "date": "2025-07-31T23:57:00",
          "actual": 0.0,
          "predicted": -0.010457481759375609,
          "error": 0.010457481759375609
        },
        {
          "date": "2025-07-31T23:58:00",
          "actual": 0.0,
          "predicted": -0.010458945238481537,
          "error": 0.010458945238481537
        },
        {
          "date": "2025-07-31T23:59:00",
          "actual": 0.0,
          "predicted": -0.010457170770065582,
          "error": 0.010457170770065582
        }
      ]
    },
    {
      "experiment_name": "experiment_direction_5_balanced_approach",
      "model_name": "solar_dir_balanced",
      "prediction_file_path": "predictions/solar_dir_balanced_predictions.json",
      "prediction_count": 8676,
      "recent_predictions": [
        {
          "date": "2025-07-31T23:50:00",
          "actual": 0.0,
          "predicted": -0.00858892993039162,
          "error": 0.00858892993039162
        },
        {
          "date": "2025-07-31T23:51:00",
          "actual": 0.0,
          "predicted": -0.008588198190838642,
          "error": 0.008588198190838642
        },
        {
          "date": "2025-07-31T23:52:00",
          "actual": 0.0,
          "predicted": -0.008577075749633456,
          "error": 0.008577075749633456
        },
        {
          "date": "2025-07-31T23:53:00",
          "actual": 0.0,
          "predicted": -0.008591637366737626,
          "error": 0.008591637366737626
        },
        {
          "date": "2025-07-31T23:54:00",
          "actual": 0.0,
          "predicted": -0.008585344406582068,
          "error": 0.008585344406582068
        },
        {
          "date": "2025-07-31T23:55:00",
          "actual": 0.0,
          "predicted": -0.008586002972179735,
          "error": 0.008586002972179735
        },
        {
          "date": "2025-07-31T23:56:00",
          "actual": 0.0,
          "predicted": -0.008583112600945492,
          "error": 0.008583112600945492
        },
        {
          "date": "2025-07-31T23:57:00",
          "actual": 0.0,
          "predicted": -0.008581758882772489,
          "error": 0.008581758882772489
        },
        {
          "date": "2025-07-31T23:58:00",
          "actual": 0.0,
          "predicted": -0.00859229593233532,
          "error": 0.00859229593233532
        },
        {
          "date": "2025-07-31T23:59:00",
          "actual": 0.0,
          "predicted": -0.00857817335896291,
          "error": 0.00857817335896291
        }
      ]
    },
    {
      "experiment_name": "experiment_direction_7_deep_learning",
      "model_name": "solar_dir_deep",
      "prediction_file_path": "predictions/solar_dir_deep_predictions.json",
      "prediction_count": 8628,
      "recent_predictions": [
        {
          "date": "2025-07-31T23:50:00",
          "actual": 0.0,
          "predicted": -0.00672639665923086,
          "error": 0.00672639665923086
        },
        {
          "date": "2025-07-31T23:51:00",
          "actual": 0.0,
          "predicted": -0.006726725942029693,
          "error": 0.006726725942029693
        },
        {
          "date": "2025-07-31T23:52:00",
          "actual": 0.0,
          "predicted": -0.006728591877889795,
          "error": 0.006728591877889795
        },
        {
          "date": "2025-07-31T23:53:00",
          "actual": 0.0,
          "predicted": -0.00672818942113565,
          "error": 0.00672818942113565
        },
        {
          "date": "2025-07-31T23:54:00",
          "actual": 0.0,
          "predicted": -0.006728921160688628,
          "error": 0.006728921160688628
        },
        {
          "date": "2025-07-31T23:55:00",
          "actual": 0.0,
          "predicted": -0.0067291406825545075,
          "error": 0.0067291406825545075
        },
        {
          "date": "2025-07-31T23:56:00",
          "actual": 0.0,
          "predicted": -0.006729469965353341,
          "error": 0.006729469965353341
        },
        {
          "date": "2025-07-31T23:57:00",
          "actual": 0.0,
          "predicted": -0.006729689487219248,
          "error": 0.006729689487219248
        },
        {
          "date": "2025-07-31T23:58:00",
          "actual": 0.0,
          "predicted": -0.006728408943001529,
          "error": 0.006728408943001529
        },
        {
          "date": "2025-07-31T23:59:00",
          "actual": 0.0,
          "predicted": -0.006729323617442745,
          "error": 0.006729323617442745
        }
      ]
    },
    {
      "experiment_name": "experiment_direction_6_5m_optimized",
      "model_name": "solar_dir_5m_optimized",
      "prediction_file_path": "predictions/solar_dir_5m_optimized_predictions.json",
      "prediction_count": 1637,
      "recent_predictions": [
        {
          "date": "2025-07-31T23:10:00",
          "actual": 0.0,
          "predicted": 0.0427606502832214,
          "error": 0.0427606502832214
        },
        {
          "date": "2025-07-31T23:15:00",
          "actual": 0.0,
          "predicted": 0.04337172590138083,
          "error": 0.04337172590138083
        },
        {
          "date": "2025-07-31T23:20:00",
          "actual": 0.0,
          "predicted": 0.04415489608401346,
          "error": 0.04415489608401346
        },
        {
          "date": "2025-07-31T23:25:00",
          "actual": 0.0,
          "predicted": 0.04433722188021583,
          "error": 0.04433722188021583
        },
        {
          "date": "2025-07-31T23:30:00",
          "actual": 0.0,
          "predicted": 0.04483671586002802,
          "error": 0.04483671586002802
        },
        {
          "date": "2025-07-31T23:35:00",
          "actual": 0.0,
          "predicted": 0.04539864658731663,
          "error": 0.04539864658731663
        },
        {
          "date": "2025-07-31T23:40:00",
          "actual": 0.0,
          "predicted": 0.0454368606750577,
          "error": 0.0454368606750577
        },
        {
          "date": "2025-07-31T23:45:00",
          "actual": 0.0,
          "predicted": 0.04571196712822467,
          "error": 0.04571196712822467
        },
        {
          "date": "2025-07-31T23:50:00",
          "actual": 0.0,
          "predicted": 0.04644992750911303,
          "error": 0.04644992750911303
        },
        {
          "date": "2025-07-31T23:55:00",
          "actual": 0.0,
          "predicted": 0.04679035644178242,
          "error": 0.04679035644178242
        }
      ]
    },
    {
      "experiment_name": "experiment_direction_10_precision_tuned",
      "model_name": "solar_dir_precision",
      "prediction_file_path": "predictions/solar_dir_precision_predictions.json",
      "prediction_count": 8658,
      "recent_predictions": [
        {
          "date": "2025-07-31T23:50:00",
          "actual": 0.0,
          "predicted": 0.0019963046819881924,
          "error": 0.0019963046819881924
        },
        {
          "date": "2025-07-31T23:51:00",
          "actual": 0.0,
          "predicted": 0.0019962315080328807,
          "error": 0.0019962315080328807
        },
        {
          "date": "2025-07-31T23:52:00",
          "actual": 0.0,
          "predicted": 0.0019949875507928316,
          "error": 0.0019949875507928316
        },
        {
          "date": "2025-07-31T23:53:00",
          "actual": 0.0,
          "predicted": 0.0019920971795585884,
          "error": 0.0019920971795585884
        },
        {
          "date": "2025-07-31T23:54:00",
          "actual": 0.0,
          "predicted": 0.001992316701424468,
          "error": 0.001992316701424468
        },
        {
          "date": "2025-07-31T23:55:00",
          "actual": 0.0,
          "predicted": 0.0019924996363127057,
          "error": 0.0019924996363127057
        },
        {
          "date": "2025-07-31T23:56:00",
          "actual": 0.0,
          "predicted": 0.0019930850279550882,
          "error": 0.0019930850279550882
        },
        {
          "date": "2025-07-31T23:57:00",
          "actual": 0.0,
          "predicted": 0.0019984633136694574,
          "error": 0.0019984633136694574
        },
        {
          "date": "2025-07-31T23:58:00",
          "actual": 0.0,
          "predicted": 0.0019976584001611675,
          "error": 0.0019976584001611675
        },
        {
          "date": "2025-07-31T23:59:00",
          "actual": 0.0,
          "predicted": 0.0019959022252340475,
          "error": 0.0019959022252340475
        }
      ]
    },
    {
      "experiment_name": "experiment_direction_3_minimal_optimized",
      "model_name": "solar_dir_minimal_optimized",
      "prediction_file_path": "predictions/solar_dir_minimal_optimized_predictions.json",
      "prediction_count": 8688,
      "recent_predictions": [
        {
          "date": "2025-07-31T23:50:00",
          "actual": 0.0,
          "predicted": 0.005128003620803595,
          "error": 0.005128003620803595
        },
        {
          "date": "2025-07-31T23:51:00",
          "actual": 0.0,
          "predicted": 0.005127967033825953,
          "error": 0.005127967033825953
        },
        {
          "date": "2025-07-31T23:52:00",
          "actual": 0.0,
          "predicted": 0.0051274182291612125,
          "error": 0.0051274182291612125
        },
        {
          "date": "2025-07-31T23:53:00",
          "actual": 0.0,
          "predicted": 0.0051274182291612125,
          "error": 0.0051274182291612125
        },
        {
          "date": "2025-07-31T23:54:00",
          "actual": 0.0,
          "predicted": 0.0051273450552059285,
          "error": 0.0051273450552059285
        },
        {
          "date": "2025-07-31T23:55:00",
          "actual": 0.0,
          "predicted": 0.0051273816421835705,
          "error": 0.0051273816421835705
        },
        {
          "date": "2025-07-31T23:56:00",
          "actual": 0.0,
          "predicted": 0.0051273816421835705,
          "error": 0.0051273816421835705
        },
        {
          "date": "2025-07-31T23:57:00",
          "actual": 0.0,
          "predicted": 0.0051273816421835705,
          "error": 0.0051273816421835705
        },
        {
          "date": "2025-07-31T23:58:00",
          "actual": 0.0,
          "predicted": 0.0051273816421835705,
          "error": 0.0051273816421835705
        },
        {
          "date": "2025-07-31T23:59:00",
          "actual": 0.0,
          "predicted": 0.0051273816421835705,
          "error": 0.0051273816421835705
        }
      ]
    },
    {
      "experiment_name": "experiment_direction_2_weather_deep_v2",
      "model_name": "solar_dir_weather_deep_v2",
      "prediction_file_path": "predictions/solar_dir_weather_deep_v2_predictions.json",
      "prediction_count": 8664,
      "recent_predictions": [
        {
          "date": "2025-07-31T23:50:00",
          "actual": 0.0,
          "predicted": 0.021554715084569825,
          "error": 0.021554715084569825
        },
        {
          "date": "2025-07-31T23:51:00",
          "actual": 0.0,
          "predicted": 0.02155469679108099,
          "error": 0.02155469679108099
        },
        {
          "date": "2025-07-31T23:52:00",
          "actual": 0.0,
          "predicted": 0.021559306750264712,
          "error": 0.021559306750264712
        },
        {
          "date": "2025-07-31T23:53:00",
          "actual": 0.0,
          "predicted": 0.021556544433452257,
          "error": 0.021556544433452257
        },
        {
          "date": "2025-07-31T23:54:00",
          "actual": 0.0,
          "predicted": 0.02155632491158635,
          "error": 0.02155632491158635
        },
        {
          "date": "2025-07-31T23:55:00",
          "actual": 0.0,
          "predicted": 0.021555757813432802,
          "error": 0.021555757813432802
        },
        {
          "date": "2025-07-31T23:56:00",
          "actual": 0.0,
          "predicted": 0.021555574878544564,
          "error": 0.021555574878544564
        },
        {
          "date": "2025-07-31T23:57:00",
          "actual": 0.0,
          "predicted": 0.021555501704589253,
          "error": 0.021555501704589253
        },
        {
          "date": "2025-07-31T23:58:00",
          "actual": 0.0,
          "predicted": 0.02154928191838898,
          "error": 0.02154928191838898
        },
        {
          "date": "2025-07-31T23:59:00",
          "actual": 0.0,
          "predicted": 0.021549300211877814,
          "error": 0.021549300211877814
        }
      ]
    },
    {
      "experiment_name": "experiment_direction_9_15m_enhanced",
      "model_name": "solar_dir_15m_enhanced",
      "prediction_file_path": "predictions/solar_dir_15m_enhanced_predictions.json",
      "prediction_count": 442,
      "recent_predictions": [
        {
          "date": "2025-07-31T21:30:00",
          "actual": 0.0,
          "predicted": 0.021296550123732327,
          "error": 0.021296550123732327
        },
        {
          "date": "2025-07-31T21:45:00",
          "actual": 0.0,
          "predicted": 0.009540408036824655,
          "error": 0.009540408036824655
        },
        {
          "date": "2025-07-31T22:00:00",
          "actual": 0.0,
          "predicted": 0.01050685465744916,
          "error": 0.01050685465744916
        },
        {
          "date": "2025-07-31T22:15:00",
          "actual": 0.0,
          "predicted": 0.018238687071201465,
          "error": 0.018238687071201465
        },
        {
          "date": "2025-07-31T22:30:00",
          "actual": 0.0,
          "predicted": 0.028273905551504885,
          "error": 0.028273905551504885
        },
        {
          "date": "2025-07-31T22:45:00",
          "actual": 0.0,
          "predicted": 0.037149906984573544,
          "error": 0.037149906984573544
        },
        {
          "date": "2025-07-31T23:00:00",
          "actual": 0.0,
          "predicted": 0.04382656130273377,
          "error": 0.04382656130273377
        },
        {
          "date": "2025-07-31T23:15:00",
          "actual": 0.0,
          "predicted": 0.048447603117482974,
          "error": 0.048447603117482974
        },
        {
          "date": "2025-07-31T23:30:00",
          "actual": 0.0,
          "predicted": 0.0524496001975181,
          "error": 0.0524496001975181
        },
        {
          "date": "2025-07-31T23:45:00",
          "actual": 0.0,
          "predicted": 0.056253637875798734,
          "error": 0.056253637875798734
        }
      ]
    }
  ]
}