{
  "experiments": [
    {
      "name": "experiment_direction_1_building_enhanced_v2",
      "tablename": "lstm_input_1m",
      "dateColumn": "time_point",
      "studyColumns": "solar_kwh,has_sunlight,avg_temp,solar_panel_cnt,buld_area,land_area,floor_count,usage_kwh,is_workday,avg_humi",
      "targetColumn": "solar_kwh",
      "modelName": "solar_dir_building_enhanced_v2",
      "r_epochs": 1,
      "r_batchSize": 24,
      "r_validationSplit": 0.12,
      "r_seqLen": 144,
      "r_predDays": 100
    },
    {
      "name": "experiment_direction_2_weather_deep_v2",
      "tablename": "lstm_input_1m",
      "dateColumn": "time_point",
      "studyColumns": "solar_kwh,has_sunlight,avg_temp,avg_humi,f_avg_temp,f_max_temp,f_min_temp,solar_panel_cnt,buld_area,usage_kwh,is_workday",
      "targetColumn": "solar_kwh",
      "modelName": "solar_dir_weather_deep_v2",
      "r_epochs": 1,
      "r_batchSize": 32,
      "r_validationSplit": 0.12,
      "r_seqLen": 120,
      "r_predDays": 1
    },
    {
      "name": "experiment_direction_3_minimal_optimized",
      "tablename": "lstm_input_1m",
      "dateColumn": "time_point",
      "studyColumns": "solar_kwh,has_sunlight,avg_temp,solar_panel_cnt,buld_area,is_workday",
      "targetColumn": "solar_kwh",
      "modelName": "solar_dir_minimal_optimized",
      "r_epochs": 1,
      "r_batchSize": 24,
      "r_validationSplit": 0.1,
      "r_seqLen": 96,
      "r_predDays": 1
    },
    {
      "name": "experiment_direction_4_hybrid_features",
      "tablename": "lstm_input_1m",
      "dateColumn": "time_point",
      "studyColumns": "solar_kwh,has_sunlight,avg_temp,avg_humi,solar_panel_cnt,buld_area,usage_kwh,f_avg_temp,is_workday",
      "targetColumn": "solar_kwh",
      "modelName": "solar_dir_hybrid",
      "r_epochs": 1,
      "r_batchSize": 28,
      "r_validationSplit": 0.12,
      "r_seqLen": 132,
      "r_predDays": 1
    },
    {
      "name": "experiment_direction_5_balanced_approach",
      "tablename": "lstm_input_1m",
      "dateColumn": "time_point",
      "studyColumns": "solar_kwh,has_sunlight,avg_temp,solar_panel_cnt,buld_area,floor_count,usage_kwh,is_workday,avg_humi",
      "targetColumn": "solar_kwh",
      "modelName": "solar_dir_balanced",
      "r_epochs": 1,
      "r_batchSize": 28,
      "r_validationSplit": 0.13,
      "r_seqLen": 108,
      "r_predDays": 1
    },
    {
      "name": "experiment_direction_6_5m_optimized",
      "tablename": "lstm_input_5m",
      "dateColumn": "time_point",
      "studyColumns": "solar_kwh,has_sunlight,avg_temp,solar_panel_cnt,buld_area,usage_kwh,is_workday,avg_humi",
      "targetColumn": "solar_kwh",
      "modelName": "solar_dir_5m_optimized",
      "r_epochs": 1,
      "r_batchSize": 40,
      "r_validationSplit": 0.13,
      "r_seqLen": 120,
      "r_predDays": 1
    },
    {
      "name": "experiment_direction_7_deep_learning",
      "tablename": "lstm_input_1m",
      "dateColumn": "time_point",
      "studyColumns": "solar_kwh,has_sunlight,avg_temp,avg_humi,solar_panel_cnt,buld_area,land_area,usage_kwh,is_workday,floor_count",
      "targetColumn": "solar_kwh",
      "modelName": "solar_dir_deep",
      "r_epochs": 1,
      "r_batchSize": 20,
      "r_validationSplit": 0.11,
      "r_seqLen": 156,
      "r_predDays": 1
    },
    {
      "name": "experiment_direction_8_lightweight",
      "tablename": "lstm_input_1m",
      "dateColumn": "time_point",
      "studyColumns": "solar_kwh,has_sunlight,avg_temp,solar_panel_cnt,is_workday",
      "targetColumn": "solar_kwh",
      "modelName": "solar_dir_lightweight",
      "r_epochs": 1,
      "r_batchSize": 32,
      "r_validationSplit": 0.1,
      "r_seqLen": 84,
      "r_predDays": 1
    },
    {
      "name": "experiment_direction_9_15m_enhanced",
      "tablename": "lstm_input_15m",
      "dateColumn": "time_point",
      "studyColumns": "solar_kwh,has_sunlight,avg_temp,solar_panel_cnt,buld_area,usage_kwh,is_workday,avg_humi",
      "targetColumn": "solar_kwh",
      "modelName": "solar_dir_15m_enhanced",
      "r_epochs": 1,
      "r_batchSize": 48,
      "r_validationSplit": 0.14,
      "r_seqLen": 144,
      "r_predDays": 1
    },
    {
      "name": "experiment_direction_10_precision_tuned",
      "tablename": "lstm_input_1m",
      "dateColumn": "time_point",
      "studyColumns": "solar_kwh,has_sunlight,avg_temp,solar_panel_cnt,buld_area,usage_kwh,f_avg_temp,is_workday,avg_humi",
      "targetColumn": "solar_kwh",
      "modelName": "solar_dir_precision",
      "r_epochs": 1,
      "r_batchSize": 26,
      "r_validationSplit": 0.12,
      "r_seqLen": 126,
      "r_predDays": 1
    }
  ]
}
